Kanban,Part Number
R016,TEST
R020,835300501000
R026,894670222000
R028,896150202000
R032,90105W014000
R036,90119W001600
R058,122620TO8000
R090,162820T10000
R101,90919W100900
R120,162810T330
R160,137160T02000
R191,137500T04000
R201,138010T03000
R210,162670T09000
R212,162610T29000
R214,162640T23000
R214',162640T23000
R216,162830T06000
R218,238260T30000
R220,238270T05000
R220',238270T05000
R231,256010T03000
R240,162700T01100
R326,162780T02100
R327,162680T320
R342,132810T03002
R343,132810T03003
R350,122110T01000
R351,132810T06001
R352,132810T06002
R353,132810T06003
R360,122810T04000
R362,122820T04000
R405,156090T08000
R410,125110T02000
R420,220300T11000
R420',220300T11000
R421,117110T03101
R422,117110T03102
R423,117110T03103
R424,117110T03104
R425,220300T05000
R426,220300T14000
R427,220300T16000
R431,117210T03101
R432,117210T03102
R433,117210T03103
R434,117210T03104
R451,117110T05101
R452,117110T05102
R453,117110T05103
R454,117110T05104
R458,121020T04000
R461,117210T05101
R462,117210T05102
R463,117210T05103
R464,117210T05104
R470,232090T03000
R475,90910TC00100
R480,153300T05000
R490,153300T06000
R502,130500T08000
R503,130500T07000
R510,130700T03000
R510',130700T03000
R530,90915CA00300
R540,90311W001100
R549,238180T030
R566,293000T02000
R580,163210T01000
R590,135520T03000
R620,135400T03000
R632,135590T08000
R642,135490T05000
R650,135650T03000
R662,135610T08000
R664,135620T05000
R671,112130T02100
R682,312100237000
R692,312100513200
R701,312500514100
R711,171180T02000
R720,171730T02000
R750,90466W000700
R772,3127002020
R802,132110T19002
R803,132110T19003
R901,135210T07000
R902,151630T030
R909,232090T07000
R910,130700T07000
R912,125010T01000
R913,135190T040
R916,130110T09000
R917,130110T21000
R918,162680T14000
R922,171670T12000
R924,162620T05000
R926,162610T24000
R928,135060T11000
R930,13011OT11000
R934,162680T02000
R960,90105W001700
R960',90105W001700
R962,90105W004400
R963,90105W009000
R963',90105W009000
R964,90105W012800
R964',90105W012800
R964'',90105W012800
R964''',90105W012800
R965,90105W012900
R966,90105W019800
R967,90105W020000
R968,90105W020100
R968',90105W020100
R968'',90105W020100
R969,90105W020200
R969',90105W020200
R969'',90105W020200
R970,90105W020300
R971,90105W020400
R971',90105W020400
R972,90105W020500
R976,90119W001000
R977,90119W003000
R977',90119W003000
R977'',90119W003000
R977''',90119W003000
R977'''',90119W003000
R978,90119W011800
R978',90119W011800
R978'',90119W011800
R978''',90119W011800
R979,90119W016500
R980,90119W022000
R983,90105W002000
R984,90105W003300
R984',90105W003300
R985,90119W011600
R985',90119W011600
R986,90105W022000
R988,90109W002300
R989,90109W002400
R990,90105W003200
R990',90105W003200
R990'',90105W003200
R992,90109W001900
R997,90119W030800
R997',90119W030800
R998,90119W002600
R998',90119W002600
R998'',90119W002600
S006,151630H01000
S008,90916A300300
Z002,111153707000
Z007,901050636100
Z009,122043704000
Z011,916718065000
Z012,111153706200
Z016,111593701000
Z020,111913701000
Z025,903113809600
Z037,135613706000
Z038,117913701000
Z039,114453701000
Z047,122043705000
Z049,114523701100
Z055,122613707000
Z063,904662200500
Z065,123153706000
Z066,1231537070
Z071,132113722001
Z072,132113722002
Z073,132113722003
Z075,130113727000
Z078,114523704000
Z080,121803801000
Z082,122043701000
Z083,130503705000
Z087,162973701000
Z090,122613704000
Z091,163313709000
Z094,122623702000
Z095,163413701000
Z097,166713701000
Z099,901260806000
Z099',901260806000
Z102,961375170100
Z102',961375170100
Z102'',961375170100
Z106,123153703000
Z111,257193701100
Z112,915518062500
Z116,162793702000
Z118,238183703000
Z120,909101227600
Z123,9155180630
Z126,909190227200
Z128,9091902277
Z140,256103702000
Z142,256203714000
Z144,256273702000
Z146,256343702000
Z148,91551J061600
Z148',91551J061600
Z148'',91551J061600
Z151,132113736001
Z152,132113736002
Z153,132113736003
Z161,132113734001
Z162,132113734002
Z163,132113734003
Z170,894675206000
Z180,114463701000
Z181,894912809000
Z184,904681500700
Z185,894912809100
Z193,134703706000
Z200,135072801000
Z202,173613701100
Z204,135193701000
Z206,173613702000
Z211,173613707000
Z218,122613709000
Z220,122043706000
Z222,909040400600
Z224,162603718000
Z226,163313710000
Z227,162813719100
Z230,162613720000
Z232,162613703100
Z234,162643721000
Z236,162643703100
Z238,894261227000
Z240,909171103000
Z242,173413708000
Z246,827151040000
Z249,256013706000
Z250,256203715000
Z252,256103703000
Z256,835301206000
Z258,173613714000
Z260,153013701000
Z262,170303702000
Z264,821251268000
Z279,157083701200
Z281,132113746001
Z282,162613702200
Z283,132113746002
Z285,132113746003
Z290,162643702200
Z292,162673701000
Z298,162683707000
Z306,163252801000
Z308,901595004800
Z311,132512203001
Z312,132512203002
Z313,132512203003
Z315,171383701100
Z334,238273702000
Z336,238273706000
Z338,193153702000
Z340,1931537030
Z349,232912301000
Z353,238143705100
Z357,238263702100
Z358,238263719000
Z360,238913701000
Z365,257613701100
Z368,257613708000
Z371,132113742001
Z372,132113742002
Z373,132113742003
Z375,134703704200
Z376,827151289000
Z382,8271512A0100
Z384,827152A30-00
Z388,827156A46000
Z392,894223303000
Z392',894223303000
Z398,901050845500
Z402,901090638500
Z406,901100604000
Z412,9011908B4700
Z414,9011908C8700
Z414',9011908C8700
Z414'',9011908C8700
Z416,901191410600
Z422,901260602600
Z425,901260602800
Z432,901260602900
Z436,901260802601
Z440,901260805200
Z440',901260805200
Z440'',901260805200
Z440''',901260805200
Z444,901790632600
Z448,901790900400
Z452,902011034401
Z456,902100601301
Z461,162583701000
Z464,902500409700
Z471,902500812001
Z471',902500812001
Z476,902501003000
Z480,902501011301
Z484,902531102100
Z488,902531200200
Z492,902531300100
Z504,903411202601
Z508,903455300600
Z512,904301002400
Z516,904301203100
Z520,904301222100
Z520',904301222100
Z520'',904301222100
Z520''',904301222100
Z524,904671512000
Z528,904672100400
Z536,905202006401
Z548,909100216600
Z554,909130102700
Z568,909190506000
Z570,9091905091
Z586,901790810100
Z642,321011210000
Z646,321161203000
Z648,321171204000
Z652,901051009501
Z660,941518060000
Z660',941518060000
Z660'',941518060000
Z664,941518080000
Z664',941518080000
Z664'',941518080000
Z664''',941518080000
Z664'''',941518080000
Z680,961374150100
Z680',961374150100
Z680'',961374150100
Z680''',961374150100
Z684,967211901001
Z688,967212401500
Z696,967232402000
Z716,135232205000
Z726,114093701000
Z730,160313701000
Z731,171403708000
Z790,915511081800
Z796,909190225800
Z800,122613705000
Z802,111863701000
Z804,122623703000
Z806,125513701000
Z817,162643704200
Z819,162683706000
Z824,173413706000
Z828,173423705000
Z834,173423706000
Z836,238263705000
Z838,173433704000
Z846,8271512R1000
Z852,894212603000
Z856,894262808000
Z868,903013801000
Z872,909171102200
Z879,122623707100
Z883,909160315100
Z885,166203704000
Z887,173443704000
Z888,139083701200
Z889,173613712000
Z891,238263733100
Z893,257613704100
Z895,894291201000
Z9CX,312704707000
ZM04,115113702100
ZM06,115123702100
ZM08,909100216300
ZM10,964111200001
ZM12,964111250000
ZM20,902800400300
ZM98,901050848600